case,run,VB_mm,feed_mm,DOC_mm,material,smcAC_mean,smcAC_rms,smcDC_mean,smcDC_rms,vib_table_mean,vib_table_rms,vib_spindle_mean,vib_spindle_rms,AE_table_mean,AE_table_rms,AE_spindle_mean,AE_spindle_rms,rise
1,1,0.0,0.5,1.5,1,-0.2274859864820998,1.9489219908832416,6.62259698176892,6.682881966739802,1.9828943830229933,2.007868812288055,0.5880996286830787,0.6008520100051712,0.1840491391052773,0.1897824215102826,0.1982468304993307,0.2045896671374674,0.0
1,2,,0.5,1.5,1,-0.230853193538312,1.990351712697842,6.776949743709654,6.832747321251583,1.8987153365791705,1.921871238109171,0.5957603151675821,0.6071818897256887,0.1890246349287064,0.1946236751144958,0.1975550117063219,0.2037007971197958,0.0212577630138109
1,3,,0.5,1.5,1,-0.2342334038488178,2.0110569986432867,6.834389638469671,6.894600412311723,1.7868130944769478,1.809473711715799,0.6067052261639136,0.6189132872009562,0.1898770944111123,0.1952361625002455,0.2273901649412667,0.2354660124896773,0.03188173156786323
1,4,0.11,0.5,1.5,1,-0.2247351881407,2.0797182806663304,7.057234375,7.120547636166478,1.7358935574245025,1.758413601448163,0.510067275995883,0.5237964145857684,0.1977987262312245,0.2031630268577103,0.2230361839685108,0.2311265970242598,0.06711212167287033
1,5,,0.5,1.5,1,-0.2194207110528136,2.348698680576884,8.005594539628325,8.085181248886848,1.8634472422458104,1.8818269682597688,0.4775715404204406,0.4891706004854886,0.2136849585873819,0.218048881240381,0.2428328487151084,0.2471209771433354,0.20512708644252384
1,6,0.2,0.5,1.5,1,-0.2151522744547823,2.545497768692208,8.691998668414705,8.775153450961401,1.1089209462751828,1.1195057685216698,0.460113525390625,0.4697876530762708,0.225271778769665,0.2295035947169489,0.2298118597863861,0.2344374067120066,0.3061055191534891
1,7,0.24,0.5,1.5,1,-0.2129718099799317,2.6184503746930847,9.188452961520042,9.278526405993809,1.8067115741918784,1.8322687133299536,0.4014152018229167,0.4058226909749916,0.2044424251552909,0.2084651354364486,0.3193997901674886,0.3257066495802392,0.34353780548518326
1,8,0.29,0.5,1.5,1,-0.2486051903932021,2.8580068781204453,9.43799654045287,9.517374100354848,1.0140615642111568,1.0279839741705368,0.4065597873263888,0.4144325677901043,0.2592062406933504,0.2643059848777441,0.2910846009546396,0.2959208259031413,0.4664552462796169
1,9,0.28,0.5,1.5,1,-0.2192284079159007,2.9818513009166905,9.394138036051524,9.481704684415888,1.6019526651866085,1.6239398709833106,0.3994898817274305,0.4045546587762282,0.2715686784093143,0.2763223956907209,0.3672901121720551,0.3741869669865141,0.5300003360141319
1,10,0.29,0.5,1.5,1,-0.1971633218178939,3.16752130723142,9.452195749730263,9.533490687542804,0.8997527334837606,0.9125286683325232,0.3742404513888889,0.3773672706885359,0.2958561520151964,0.3010708745771254,0.3361631051709419,0.3415358610550177,0.6252683904479499
1,11,0.38,0.5,1.5,1,-0.2105065429865802,3.114063847559813,9.49803238184629,9.572979815954437,0.8236976156220681,0.8344115230476025,0.3566324869791666,0.3592324402600676,0.2911369775333202,0.2964037533559229,0.4294221925980134,0.4360377590220153,0.5978391449872936
1,12,0.4,0.5,1.5,1,-0.2136041178326722,3.3886318384625147,9.479330505859917,9.559417695658729,1.3499784751756656,1.3686058032826578,0.4461325412326389,0.450199627528057,0.2968585327535143,0.3032090505628571,0.3848511094899199,0.390471162857459,0.7387211259937623
1,13,0.43,0.5,1.5,1,-0.2087283143083182,3.3936539049622065,9.51111359791495,9.584697018497442,1.0246041229865548,1.0373877234752182,0.3694211154513889,0.3715808384380892,0.3075825463543022,0.313234217618919,0.3744720151998162,0.3803589136008871,0.7412979692554137
1,14,0.45,0.5,1.5,1,-0.2018555577711941,3.513772787165082,9.5200766812115,9.591092821176264,1.1599463466579292,1.1764146992474296,0.3771902126736111,0.3796117269174418,0.3250276959528688,0.3307599227002682,0.4083998864438353,0.415118777515546,0.8029314685769736
1,15,0.5,0.5,1.5,1,-0.2163784231251118,3.6621213761940905,9.527415792567613,9.598292042547756,0.7855573359404959,0.7958113526854187,0.3849233669704861,0.3882505123270556,0.3392078827763449,0.3450957675153839,0.436626492383337,0.4440472211003527,0.8790497481812679
1,16,,0.5,1.5,1,-0.2379639024679371,3.5607737351838367,9.51060085343418,9.583190087977805,1.1605319655499735,1.183246414854439,0.3644749620225694,0.3677165999037153,0.3044143070841714,0.3096487649647472,0.4921333421566947,0.5037157073809265,0.8270478509866431
1,17,0.44,0.5,1.5,1,-0.2078707014994572,3.615902596568861,9.547323867219458,9.614773053875256,1.1580980733208457,1.1834450309107345,0.3811458333333333,0.3852679326488635,0.3130948185435934,0.3184738873727307,0.4692131974268827,0.4792329151811125,0.855334699635747
2,2,0.14,0.5,0.75,1,-0.2654345569714822,1.3342043752438733,4.690732749137567,4.733639448332801,0.8940722573161869,0.9109405936477244,0.4593614366319444,0.4710611767575871,0.1669757332454179,0.1718126767997328,0.2301566634245052,0.2350921140124899,0.0
2,3,0.14,0.5,0.75,1,-0.268426670595822,1.341153977363434,4.727608376656964,4.771244409760509,0.9134061613966964,0.9284778988391384,0.4592791069878472,0.4685555780722182,0.1558303101150759,0.1599567179740449,0.2242916327273985,0.2294328425421561,0.005208798778141064
2,4,0.14,0.5,0.75,1,-0.2524395560626937,1.4375460766041148,5.0853355437046135,5.131229833255553,1.2439251666302449,1.2620715543486225,0.3801325141059027,0.384059037971602,0.1456653744398286,0.1493125297907319,0.2209487976319339,0.2260908449139287,0.07745567566539587
2,5,0.15,0.5,0.75,1,-0.2549621324498945,1.5537395998851191,5.46490830338579,5.512367181772277,1.1793146564573829,1.20025931600887,0.3356000434027777,0.3398753150321794,0.144239085047015,0.1468379644469173,0.2145336702815976,0.2181358571044777,0.16454392498984122
2,6,,0.5,0.75,1,-0.2552111248140532,1.5616268980496526,5.503962173407301,5.551434310202678,1.0856568746726607,1.1042397958875538,0.3486207411024306,0.3653275013524718,0.1627500748480485,0.1677814413119576,0.1943249071424924,0.1994730618432985,0.17045553666709404
2,7,0.18,0.5,0.75,1,-0.2406940343394575,1.6559717993819716,5.848558459166312,5.902199211004162,0.8514870947117376,0.8645557928204626,0.3228108723958333,0.3413299456848293,0.1636755622370067,0.1673470427526367,0.1946167295776339,0.1984279328883761,0.24116801751552036
2,8,0.22,0.5,0.75,1,-0.2422097724780701,1.791724203315047,6.251765054455096,6.317149367969969,1.001019476534606,1.0262155629376764,0.3290787760416667,0.3650111063954172,0.174892412654121,0.1786959862139658,0.2240039039190237,0.22811605829971,0.3429158504952029
2,9,0.26,0.5,0.75,1,-0.2334675106019972,1.9887005136609088,6.964625867689905,7.046604835754277,0.9321103834628556,0.9576658326041536,0.3019950358072916,0.3159292728393859,0.1838461520080493,0.1873777843399918,0.2903067031269764,0.2960386100315717,0.49055163553739894
2,10,0.31,0.5,0.75,1,-0.2006667231363595,2.150627175764092,7.53069569762324,7.611472582344716,0.9194754190470348,0.9394417528766786,0.3351060655381944,0.3377097437643022,0.2136532910129734,0.2168812752352439,0.3265133316093205,0.3320141086739321,0.611917346149452
2,11,0.38,0.5,0.75,1,-0.2229327212846564,2.3302854362731407,8.192733425283189,8.288301002630964,0.5916810886332505,0.6092491062482147,0.3351628960503472,0.3372571950410777,0.2196557860719295,0.2235272808476393,0.3581046709048203,0.3647996890942803,0.7465730734447623
2,12,0.43,0.5,0.75,1,-0.2391407126143029,2.3542759143139773,8.270284028236173,8.370783820808965,0.8486741649201444,0.8724001283240702,0.3199039713541666,0.3243999929565029,0.2364338200266768,0.2405578539080422,0.3751363937992557,0.3836821468476343,0.7645541852489052
2,13,0.48,0.5,0.75,1,-0.2166091821231462,2.6028951104238174,9.081408320693804,9.18715816613344,0.5526452380351373,0.5688186807964979,0.2838753255208333,0.2844296900009171,0.2579812753442371,0.2626334017391229,0.4328347362081852,0.4412683879202498,0.9508968481294673
2,14,0.55,0.5,0.75,1,-0.1975853996579876,2.688179739303432,9.224274932084024,9.314662687539872,0.513635865083728,0.5258320076484531,0.2766118706597222,0.2770374319829872,0.2828131324203993,0.2871301250613712,0.4010225804681167,0.4088030607599715,1.014818560921052
3,1,0.0,0.25,0.75,1,-0.2436314016647855,1.019472686459043,3.456193474000288,3.4751642678404804,1.4053614205176677,1.4838518780703678,0.283421630859375,0.2836985009583498,0.1354359266493055,0.1370201452045698,0.1869651285807291,0.1927358426185633,0.0
3,2,0.13,0.25,0.75,1,-0.2426341681188957,1.0295609306633429,3.553404758612516,3.5752663242887004,1.1189364318163624,1.1752383358318024,0.290269775390625,0.2906197420394329,0.1372513834635416,0.1392907429323216,0.1685245090060763,0.1714678060211976,0.009895551237708475
3,3,0.13,0.25,0.75,1,-0.2502084543563314,1.1139802851581215,3.853929333749041,3.883224975859166,0.9279603027124758,0.9659946173812276,0.2855999077690972,0.2858784334336751,0.1419217936197916,0.1439129764762636,0.1753927273220486,0.1783012438668156,0.09270243328179174
3,5,0.17,0.25,0.75,1,-0.2201130428574194,1.1873009817272049,4.13415218342959,4.161480534163238,0.8918962712277283,0.9383132373774944,0.3224526638454861,0.3228403244734504,0.1561948649088541,0.1586010146969682,0.1949366694280037,0.1984301931694016,0.16462265002026047
3,6,0.19,0.25,0.75,1,-0.2193775266359377,1.2682375403824164,4.387573701962689,4.414265925489288,1.0526927641279489,1.0958095618392336,0.3200185818142361,0.320399904860598,0.1558902994791666,0.1576679184860075,0.2218269019086608,0.2266550073396686,0.2440132602153509
3,7,0.2,0.25,0.75,1,-0.2286557338496872,1.2525140040627551,4.375477387033091,4.403569756481687,0.7682242954621434,0.8106850955058641,0.3077134874131944,0.3081436571521457,0.1627756076388888,0.1652110157681097,0.2061731355882904,0.2092077774511052,0.22859005513246225
3,8,0.23,0.25,0.75,1,-0.2263697732258313,1.4310351057541988,4.978207561869148,5.013446126815142,0.6624182936421112,0.6796723269361538,0.2814251030815972,0.2818164175700399,0.1626056586371528,0.1646444072559459,0.2143675304432792,0.2175115712377478,0.40370127102143805
3,9,0.23,0.25,0.75,1,-0.2333262502924039,1.4730441554240172,5.308302519514152,5.357106911860939,0.8150155458038579,0.8329690219679006,0.2744399685329861,0.2755801292099935,0.1641768391927083,0.1673926050998077,0.2201043827869401,0.2254611039254294,0.4449079166018404
3,10,0.26,0.25,0.75,1,-0.2135877198263998,1.6884602635483086,5.849709538332207,5.899923099380175,0.5946219392668648,0.6039593011446895,0.2911749945746528,0.2934486874596473,0.1905642456845404,0.1939533679995652,0.2632392438648209,0.2667625114703102,0.6562094168632165
3,11,0.28,0.25,0.75,1,-0.2137959879233067,1.7554892194819176,6.077197691274907,6.132597312332454,0.7966742674821955,0.8061669105535689,0.2701371256510416,0.2715341374494522,0.1926389384081062,0.1959415670120847,0.306140398433757,0.3107036559218737,0.7219580698913052
3,12,0.33,0.25,0.75,1,-0.199747074857567,1.904354879479343,6.621851523167086,6.684982262427273,0.5834698517999444,0.5884200737697937,0.2627998860677083,0.2634951915522406,0.2166984171862444,0.2204602648704516,0.2894181548393452,0.2926016670295378,0.8679802850763768
3,14,0.36,0.25,0.75,1,-0.2018301440386323,1.8840747475774795,6.563767290121402,6.60775005471095,0.5482383392177952,0.5516880884248921,0.2355809190538194,0.2363923009323488,0.2167257908992465,0.2200773058160295,0.3988388191158327,0.4053258447118604,0.8480875187754934
3,15,0.44,0.25,0.75,1,-0.2028364289930848,2.078165541859758,7.238598810310641,7.304677561564263,0.663485875244938,0.6689374742348486,0.2644862196180556,0.2650407786553098,0.2469755473889802,0.2508098245545637,0.3467868040024581,0.3524084307934902,1.0384710345481607
3,16,0.55,0.25,0.75,1,-0.1945640938900672,2.243365220160847,7.8291667730995345,7.887797739700191,0.5422812777718191,0.5463361398258233,0.2775764973958333,0.2793505897828764,0.2471109738377445,0.2507472453980829,0.3268288312113616,0.330653715741014,1.2005152761402338
4,1,0.08,0.25,1.5,1,-0.2256287107153014,1.4805870611299652,5.152439607352184,5.196600204859284,1.6182391391885045,1.6706661828262797,0.2994044325086805,0.2997378094883323,0.1737221950954861,0.1798370973306846,0.2190502655311144,0.2278297351300943,0.0
4,2,0.13,0.25,1.5,1,-0.2087882061444462,1.7258224892162133,5.982421999656944,6.034870721104151,1.2133130520774795,1.2484530714893989,0.2892019314236111,0.2895309901786728,0.1797343582862164,0.1832230775210748,0.2333094409621398,0.2391727631590972,0.16563391273937483
4,3,0.2,0.25,1.5,1,-0.2121650725410333,1.7440264246469783,6.022213840580853,6.079158705873636,1.6107962392759652,1.6421689363102732,0.2855818684895833,0.2860020320917584,0.1880441503786772,0.192215899635905,0.2859404679615994,0.2947057419218692,0.17792899210935936
4,4,0.31,0.25,1.5,1,-0.1995642894942067,1.9603645288774705,6.806253916661379,6.859411706038312,0.9980747680280916,1.018137966952852,0.2882797580295139,0.2886369932760477,0.2137812835860731,0.2180332680762462,0.2700670511240628,0.2747643380062198,0.3240454278867906
4,5,0.35,0.25,1.5,1,-0.197067048224234,2.023158103749644,7.059352822027193,7.101700627506991,0.8175530967668561,0.837937247872166,0.2787855360243055,0.2791170414188015,0.2081646356805029,0.2122917641990157,0.3385506614817503,0.3442972105447637,0.36645669603893166
4,6,0.4,0.25,1.5,1,-0.1939704121242154,2.408165066997067,8.45358564268868,8.533581189199818,1.15383634408924,1.1833594652418165,0.2972245279947916,0.2976491324284918,0.2885525187271812,0.2935489514108916,0.3491580450137054,0.3550238553321001,0.6264933891555057
4,7,0.49,0.25,1.5,1,-0.2088423539193717,2.515005399345251,8.79546250079104,8.870666923546883,0.7885917436958539,0.8067322744042945,0.285894775390625,0.2867658608746,0.2914537395495502,0.2956990012609343,0.347896062419764,0.3523203218106528,0.6986541793941053
5,1,0.0,0.5,1.5,2,-0.2242552570093458,2.262028029603886,7.837649287284736,7.956411290268408,1.3993763384293558,1.4514659129450638,0.310096435546875,0.3107049069411987,0.1794507908289357,0.1851611772942322,0.1793280540252216,0.1820334943415222,0.0
5,2,0.16,0.5,1.5,2,-0.26097270271043,2.697263642107687,9.04877409879207,9.136989552605131,0.9712078268757932,1.0409842034179768,0.2839322916666666,0.2842791592599577,0.1979898179049384,0.2062908896306701,0.1795052761501736,0.1829661205013035,0.1924094692053914
5,3,0.29,0.5,1.5,2,-0.2874806000280059,2.651895542596811,8.89905777815934,8.996040454665065,0.9374527308188548,0.9899632141539668,0.2849761284722222,0.2854749608432848,0.1955075486392562,0.2041240077227273,0.1809832085503472,0.1848197079595529,0.17235308665083018
5,4,0.44,0.5,1.5,2,-0.21842376530519,3.49682049337472,9.620338206171658,9.678642648093792,1.1822888242296254,1.2143696459686042,0.2724418131510416,0.275465493212108,0.2748394926591871,0.2855288747295377,0.2311293012952419,0.2374474952596181,0.5458784982372937
5,5,0.53,0.5,1.5,2,-0.1996643589787447,3.79331116667844,9.657900226020654,9.709284239740017,1.1030811029329206,1.130958070293845,0.2709334309895833,0.2757553703213244,0.2858654218417595,0.2987136535017086,0.2480317123761029,0.2570198041615871,0.6769514422607328
5,6,0.74,0.5,1.5,2,-0.198124175557994,4.4406027590678185,9.682256444908685,9.732031630210129,1.2406109902968976,1.274735190488361,0.2722007921006944,0.2757901383295325,0.2966509978783312,0.304839870333547,0.298094395503505,0.3056919674165377,0.9631068673562957
6,1,0.0,0.25,1.5,2,-0.2225720445462619,1.6467730621343093,5.704357716100492,5.7336142829378565,0.8662460344108929,0.8803155270047803,0.2763350423177083,0.2765479019320984,0.0207210286458333,0.0207264642695152,0.1391349962022569,0.1398179249149889,0.0
7,1,0.0,0.25,0.75,2,-0.2384917121806429,1.0227968340335718,3.536664843559265,3.5584058008779165,0.566276148355942,0.5892028796254408,0.3058437771267361,0.3062545513822608,0.1177811686197916,0.1184912356586318,0.1260928683810764,0.1266781381682285,0.0
7,2,0.09,0.25,0.75,2,-0.2372752190364782,1.1467296274332972,3.975175267765618,3.9980596282481216,0.6539569029323375,0.6765822586308976,0.3324907769097222,0.332861506794521,0.1235246446397569,0.1245976966094328,0.1336416286892361,0.1347362621464778,0.12117048985278488
7,3,0.13,0.25,0.75,2,-0.2461318646193262,1.2496037246014635,4.357197900648067,4.384813540131192,0.7257126116761469,0.7518669355761548,0.2958285861545139,0.2964659753695983,0.1057462405003056,0.1066951745231494,0.1431666395399305,0.1456226160539206,0.22175165489458987
7,4,0.22,0.25,0.75,2,-0.2285060074546662,1.479938663507521,5.148154700532013,5.179771088985156,0.9787468076183656,0.9968658275907768,0.3225716145833333,0.3233338373670221,0.0216122775607638,0.0216205270860083,0.1639170328776041,0.1658581917218879,0.44695272243963957
7,5,0.24,0.25,0.75,2,-0.2195301510801562,1.5559298949827731,5.480705977552161,5.518843313472743,1.0479502111119468,1.0651097367310791,0.3018777126736111,0.3026623345527513,0.1463655598958333,0.1489005137202933,0.1772518458963103,0.1825184682478623,0.5212502065016189
7,6,0.34,0.25,0.75,2,-0.2131159795178658,1.6471902071733413,5.753225690591313,5.785550907727544,1.081572092124048,1.0989244660661404,0.3175728352864583,0.317878740762016,0.1487471516927083,0.1509410662895586,0.1816752794053819,0.1870855312467872,0.6104764429875764
7,7,0.46,0.25,0.75,2,-0.2084266149950593,1.6989209255224074,5.945443915917155,5.995658472458623,1.3085833454108171,1.334345623989284,0.3063087293836805,0.308309098367386,0.1490968153211805,0.1505458916526044,0.1794967312282986,0.1820730491302842,0.6610541497497858
7,8,,0.25,0.75,2,-0.2065735812428384,1.7478078477250896,6.061928439183124,6.110018710249714,1.067179011912481,1.0884808813082252,0.2867678493923611,0.2929272465447959,0.1552108188684793,0.1580112162062155,0.1809130181206597,0.1858390177983852,0.7088514449466123
8,1,0.0,0.5,0.75,2,-0.2424042305809399,1.54024056574944,5.410103355154403,5.451639870230971,0.7957331881423916,0.8396228814167301,0.3268697102864583,0.3273186709200428,0.1341491021050347,0.1354782219818696,0.1482885064019097,0.1491037606713093,0.0
8,2,0.18,0.5,0.75,2,-0.2299308305572714,1.6991898852725549,5.96262312460309,6.011267455600811,0.8944210329816981,0.9393534619404362,0.30914306640625,0.309711805566656,0.1521072726779513,0.1544378247151927,0.1682108561197916,0.171403553308899,0.1031977231724022
8,3,0.3,0.5,0.75,2,-0.2188968912039088,1.970772189920096,6.932979673083747,6.988252467082895,1.0875567633162195,1.1219602044429116,0.3032276746961805,0.3035469784683139,0.0491843782125194,0.0765648846751295,0.1879638671875,0.1928107689625727,0.27952232511235725
8,4,,0.5,0.75,2,-0.2250063480910507,1.974489788644868,6.899339058756694,6.956903107869077,1.1126017154030663,1.1436759162876573,0.3115196397569444,0.3125117278547474,0.1637803819444444,0.1667085714112069,0.1885809326171875,0.193841655242217,0.2819359732186601
8,5,0.44,0.5,0.75,2,-0.2233945270862942,2.046618585848757,7.161635201946794,7.224602913845037,1.0532871438683773,1.0819588578783377,0.2804326714409722,0.2813411188283756,0.1695753987630208,0.1730205185487529,0.2066993543836805,0.2166502765269954,0.32876553920194085
8,6,0.62,0.5,0.75,2,-0.2214608179567956,2.2649463598691137,7.89495487110152,7.9753078044943155,1.379057235815461,1.4057664377647578,0.2748380533854166,0.2751300652294927,0.1732609289231864,0.176505376885248,0.2057151374676975,0.2112926503206485,0.47051467818408693
9,1,0.0,0.5,1.5,1,-0.2247143090815808,1.7943950075191326,6.288678297489724,6.339731095827875,2.231853071620624,2.254763238223107,0.311072998046875,0.3116428899599031,0.1754314796913198,0.1785504824578492,0.2159229538773406,0.2210457500489423,0.0
9,2,0.1,0.5,1.5,1,-0.2261976686394914,1.7804531331337343,6.2599609375,6.30800266431651,1.7066942729511356,1.7245915886804786,0.3077444118923611,0.3083597350200996,0.182059316924124,0.1855836553442031,0.2183009068704558,0.2233220310872623,-0.007769679656361636
9,3,0.14,0.5,1.5,1,-0.207062443743076,2.242389055693115,7.913514171217638,7.986867021486981,1.7744622852895595,1.7955544195178128,0.3535507541232638,0.3543653218526766,0.1970598150031869,0.2008862433786516,0.262857439981995,0.2685695857072218,0.24966300413049153
9,4,0.19,0.5,1.5,1,-0.2102597015527091,2.5527045354969693,9.042620184726552,9.12401550293731,1.8768298569131967,1.903209386210241,0.3314016384548611,0.3317555089153156,0.2147246937692901,0.2184847305241218,0.2836622667862911,0.2889469102620719,0.42259899565048875
9,5,0.27,0.5,1.5,1,-0.2007493552299462,2.8581868108388657,9.452786523351447,9.52993750329636,1.2111586762321378,1.2256170074798118,0.3047733561197916,0.3054430922919608,0.2480202808923993,0.2522961636498819,0.3070843215288407,0.3120365714816772,0.5928414863294199
9,6,0.38,0.5,1.5,1,-0.2064670058409048,3.077763384720272,9.494454998826036,9.570651335595228,0.9785614331784224,0.9896569897393632,0.2992034233940972,0.3012998277518761,0.2780795308781217,0.2823770370061412,0.328187165146286,0.3333318647135048,0.715209511742612
9,7,0.47,0.5,1.5,1,-0.2080316135062777,3.390443301923142,9.541302889593863,9.612912772745538,0.8910883522059317,0.9016447674662578,0.2968488226996528,0.2976900342968271,0.3056447957330407,0.3104358327680071,0.3484046145368483,0.3543859125906318,0.8894631826972421
9,8,0.64,0.5,1.5,1,-0.193099666248157,3.646084231854783,9.576951143922814,9.641682802858574,0.837365223337426,0.8490241989520991,0.2974730088975694,0.2988453604521056,0.3343862551140603,0.3402496517232135,0.3398618516813212,0.3451502041274123,1.031929545376818
9,9,0.81,0.5,1.5,1,-0.1996674166551945,3.876276937161604,9.607618718204318,9.667004472119824,0.7521320106032378,0.768906069156336,0.286715087890625,0.2883895937494414,0.3692726984728635,0.3767503927175043,0.4107262682022458,0.4189957614588076,1.1602138441751508
10,1,0.0,0.25,1.5,1,-0.2271760952199207,1.5414513077216585,5.378245737221004,5.42995202951967,1.2831458800354658,1.30475538132198,0.2972125922309028,0.2976249950416412,0.1552081976996527,0.1571017086161522,0.1805404324001736,0.182566457786518,0.0
10,2,0.04,0.25,1.5,1,-0.2248836725453294,1.563309053521021,5.46597106634479,5.511096422266115,1.1285691813849583,1.1549751029225677,0.3012110731336805,0.3030014405110518,0.1624500189887152,0.1646306085442595,0.1964233710498985,0.199647897106502,0.014179978108857254
10,3,0.08,0.25,1.5,1,-0.2145002355527638,1.7633441364185596,6.139742119729876,6.188140988878913,1.045743309091566,1.0682341361777454,0.2882199435763889,0.2885246037695406,0.1716860535543097,0.1744057606502442,0.2089380114289947,0.2124976273280604,0.1439505922667578
10,4,0.16,0.25,1.5,1,-0.2085011684495777,1.956906592192884,6.818093220930047,6.870060533155239,1.0394170423395914,1.0593965359184694,0.3000069173177083,0.3004160892434287,0.1990381890993955,0.2021495879041702,0.2176954295256327,0.2208308211136277,0.2695221590134359
10,5,0.25,0.25,1.5,1,-0.1960519527370903,2.19334231979844,7.655955077869656,7.717211245073846,0.903076517016611,0.9146544523089664,0.290113525390625,0.2907193128286566,0.223293243026051,0.2269332415864087,0.2282262217250056,0.2318145064772378,0.4229073009385608
10,6,0.36,0.25,1.5,1,-0.1990753645490792,2.377710322610356,8.310664701041127,8.380286679575358,0.8731705621378312,0.8907084969968508,0.2856480577256944,0.2870147451095758,0.256356570903345,0.2593888478944116,0.298410717927479,0.3017819923193695,0.542514064959165
10,7,0.43,0.25,1.5,1,-0.1969305720778428,2.614487722402273,9.121176339857763,9.196636400069073,0.6941438288489231,0.7058347692744452,0.2811284722222222,0.2821115648876078,0.2747736445730975,0.2780462977144161,0.2901352789386547,0.2928141571082243,0.6961208630499108
10,8,0.47,0.25,1.5,1,-0.2021852889150943,2.8343526497598184,9.463755368326572,9.537227713944905,0.8207913401996715,0.8319415881442154,0.2802501085069444,0.2809629140694777,0.295200782197765,0.2996169156742724,0.3523872111620195,0.3576144976103629,0.8387558760770278
10,9,0.53,0.25,1.5,1,-0.1478336253143761,2.98840175999373,9.500613074609625,9.5655197520433,0.5809736222069655,0.5895646674745075,0.2778091091579861,0.2791594614100217,0.3281479834449174,0.3328150380438193,0.3461458468145398,0.3560299862729131,0.9386935837828935
10,10,0.7,0.25,1.5,1,-0.1815234447445289,3.1118054232894496,9.438015371671872,9.520961027001894,0.5692761684842578,0.5774581751446033,0.29376953125,0.29590338719267,0.3469199341641974,0.3514689280438857,0.4790365585817202,0.5116489155878008,1.018750386535954
11,1,0.0,0.25,0.75,1,-0.2445698412037762,1.0116583128524133,3.518154634824735,3.5436133888871524,1.0803827102305066,1.1152724416941489,0.3050184461805555,0.3054462966623606,0.1373436143663194,0.1384258903307333,0.1734238009982638,0.1751961717380153,0.0
11,2,0.04,0.25,0.75,1,-0.2471087743213557,1.0142464729266618,3.521287719120176,3.5443038048056,0.9387312675574052,0.9704102783116144,0.3015450032552083,0.3018882403751003,0.1401630316840277,0.1411489483418025,0.185430433485243,0.1887259760738632,0.002558334213605314
11,3,0.07,0.25,0.75,1,-0.2488679193501171,1.0771838675917496,3.749357117989619,3.773609221431893,0.9675854411789928,0.997455887550515,0.2900816514756944,0.2903924863035718,0.1305897747714474,0.1317923219133431,0.1700277370876736,0.1725073038878054,0.06477044067831977
11,4,0.07,0.25,0.75,1,-0.247919616271602,1.1692457983035929,4.093402690073251,4.118818415192314,0.9133222339891464,0.9298079230805554,0.2884437391493055,0.2887137672128396,0.1334190538194444,0.134539710608438,0.1820787833164818,0.1853692604397623,0.15577145311726354
11,5,0.08,0.25,0.75,1,-0.2461199174326219,1.1680767697464385,4.071348374364725,4.099477349261779,1.3745585516645316,1.4033118995844165,0.307197265625,0.307552711686438,0.1308770751953125,0.1320059757444905,0.2297812126991774,0.2369033413784277,0.15461589640181653
11,6,0.09,0.25,0.75,1,-0.2365064416904422,1.2406155112644432,4.352915300809872,4.382001266108756,1.200785368351691,1.2271859136231262,0.2907194010416666,0.2909753690522634,0.1333205837673611,0.1346605696138893,0.2182660313556103,0.2248670572115464,0.22631870415464242
11,7,,0.25,0.75,1,-0.2353873829460677,1.289333464832275,4.493845001822949,4.526750223083191,0.8846892833411507,0.9020335515871294,0.2854081217447917,0.2857949954482003,0.1421251763237847,0.1436566203598988,0.2093689547436482,0.2133986965657281,0.2744752338335904
11,8,0.12,0.25,0.75,1,-0.2355733627111684,1.3716704683990266,4.784004050274966,4.825546242224199,0.8088801575474962,0.8215545556654562,0.2944984266493055,0.294900418722799,0.1482701280381944,0.1500184006464825,0.2036104836631847,0.2069374915673096,0.3558633888269488
11,9,0.16,0.25,0.75,1,-0.2292858607950132,1.3024956845603173,4.550750388252881,4.577856592323632,0.8851151145909842,0.9003114520328998,0.3090989854600694,0.3099517891958754,0.1449932183159722,0.1465025194021616,0.1865563234647751,0.1888652822994667,0.28748577262996616
11,10,0.18,0.25,0.75,1,-0.2329967190189328,1.3622778385839238,4.753266613088583,4.78097145872212,0.8388117064825977,0.8504571651746241,0.2800447591145833,0.2807646478325093,0.1477984619140625,0.1494939114224485,0.1818084971251389,0.183768031919168,0.3465789993292538
11,11,0.2,0.25,0.75,1,-0.2350267408522553,1.3714177339803,4.769240364078406,4.800228628157793,0.7993190495047983,0.8199396598455377,0.2884041341145833,0.290278947002443,0.1578718610646115,0.1596979702894916,0.2087039528218231,0.2130241133881365,0.35561356691028406
11,12,0.23,0.25,0.75,1,-0.220589869055143,1.395588322067992,4.902865441580351,4.935621988448601,1.0827347776549376,1.1102388070145728,0.3090241156684027,0.3163205262214614,0.1602406295234383,0.162529537564693,0.2121098432224878,0.2158228955223285,0.3795056140378781
11,13,0.26,0.25,0.75,1,-0.223236937490289,1.574740648291032,5.496146913248995,5.535598607982206,0.642273875351811,0.6560261709685516,0.2851205783420139,0.2876696082282853,0.1612557029937709,0.1636356302811185,0.2225298598319691,0.2262673776256219,0.5565933955022664
11,14,,0.25,0.75,1,-0.2191830961696066,1.556149612294342,5.420476265871078,5.463968961256096,0.6836531099213561,0.7000999399113363,0.2787282986111111,0.2815026825940206,0.1728196469099162,0.1752462323148383,0.2430815806586621,0.2479552968649596,0.5382166019144472
11,15,0.31,0.25,0.75,1,-0.2289657521091058,1.543259735780158,5.390605055351839,5.430112424331366,0.5618004591204343,0.57660114638323,0.2786546495225694,0.2814935880319039,0.1851579741569562,0.1880101312065238,0.2223784064604377,0.2255066749681134,0.5254752678588408
11,16,0.37,0.25,0.75,1,-0.2209497549019607,1.5118484406649608,5.293362995497947,5.3277504934189,0.8801404676034693,0.9210572719503696,0.2808866373697917,0.2877206372114597,0.1807820433547948,0.1834545362226919,0.2302698307218802,0.2338996997862056,0.4944259553428078
11,17,,0.25,0.75,1,-0.2203345107251142,1.6605480498323102,5.799844877725737,5.84220376553147,0.7444588144644846,0.7601052807162971,0.2709918891059028,0.2739804218486741,0.2041877493162623,0.2073142704197484,0.2618553273416767,0.2660357752823649,0.6414119557326871
11,18,0.42,0.25,0.75,1,-0.2178355090843589,1.75422935550777,6.0811221391917405,6.126887890299879,0.5670058987846806,0.5771316920971981,0.2703964572482639,0.2738880245535454,0.213832080864425,0.2169240978452329,0.2423956859676898,0.2462140361002532,0.7340136815182651
11,19,0.47,0.25,0.75,1,-0.2043659826746619,2.046906515284898,7.127885951652724,7.192306038241915,0.7031437662998719,0.7112198185528502,0.2703948296440972,0.2711275865006309,0.2061242092237169,0.2084352020933012,0.2657297540134841,0.2706816623287334,1.0233180405680244
11,20,0.57,0.25,0.75,1,-0.2102399226444036,1.952194106283088,6.805315733713927,6.858367210340837,0.569814375787437,0.5776144855309282,0.2678652615017361,0.2692040326127666,0.2510579184128328,0.2539949635677204,0.2753317270919559,0.2818188331903952,0.9296970938525623
11,21,0.65,0.25,0.75,1,-0.2046625247397926,2.0963641735828373,7.314572971359438,7.373543448668219,0.5961800606443631,0.6042086597679179,0.2672663031684028,0.2730176448259847,0.2340254180665852,0.2368549438352419,0.2765941480785883,0.2821159115465245,1.0722057506472222
11,22,0.68,0.25,0.75,1,-0.2011976107318622,2.1958633156847256,7.6620889816102915,7.73122475876668,0.3275033241645361,0.3301688622715196,0.2711707899305555,0.2718004242546903,0.2649518622118511,0.2684090354691017,0.3105911793689707,0.3228513754341288,1.1705582683281635
11,23,0.76,0.25,0.75,1,-0.2096717317116776,1.9953710258251551,6.993411771483856,7.042967749922065,0.3175420555009823,0.3208514254587666,0.2715224880642361,0.272397363645049,0.2583546681447072,0.2614525662446358,0.4575803425413856,0.509886989468521,0.9723764441762184
12,2,0.05,0.5,0.75,1,-0.2597077956889613,1.0651637803921763,3.751982860966847,3.7860596945352505,1.172392671100936,1.2247703412783828,0.3155485026041666,0.3161307596826914,0.1527623833550347,0.1560426834734989,0.1859524197048611,0.1900422038818084,0.0
12,3,0.08,0.5,0.75,1,-0.2590423614924805,1.2259971477851963,4.345397645474904,4.384867074850787,1.3765795152763491,1.4332944552388762,0.3044171820746528,0.3049351500855665,0.1661871719105981,0.1700365083422189,0.2198742479684362,0.2259604279137798,0.15099402585187766
12,4,,0.5,0.75,1,-0.2606188824911497,1.3649052712097225,4.835696082389172,4.880693085877547,1.1207872047216116,1.1592989059348426,0.2930818684895833,0.2934295032049386,0.176408989721859,0.1808032119409838,0.2174729357965945,0.2231405213884827,0.28140413365087025
12,5,0.12,0.5,0.75,1,-0.2543865610234107,1.5350587679356589,5.403871133598399,5.459957077863062,0.993705208142831,1.0151903672380076,0.3091494411892361,0.3135201045951863,0.1797509542117896,0.1845342730128571,0.2387267201885623,0.2458339464580305,0.44114810904523505
12,6,0.17,0.5,0.75,1,-0.2575784339537483,1.6687725344051616,5.875950045741408,5.93579450397228,0.5327035990701823,0.5437975191214616,0.2928521050347222,0.3030749657664299,0.1872853732882478,0.1920004054879982,0.2329496326128785,0.2388104423436555,0.5666816363120667
12,7,0.2,0.5,0.75,1,-0.2485953987418831,1.7870721242879608,6.268473679199557,6.334861670260203,0.6365986634953954,0.658633078538927,0.2837204318576389,0.2918321690569749,0.2151367131349902,0.2201924427368129,0.2882783039781212,0.2959987545042211,0.6777439837749547
12,8,0.24,0.5,0.75,1,-0.243676889602311,1.8939867480011192,6.682486053727919,6.752877308444076,0.56390941069217,0.5822566846168268,0.2730665418836805,0.2780384392759926,0.2327441840921736,0.2386326725614588,0.2864924803771185,0.2923390378216346,0.7781178658776621
12,9,0.32,0.5,0.75,1,-0.243550833085233,2.1692360753179263,7.608046998547511,7.696677403120821,0.6862023037398922,0.7104158671651398,0.2713486056857639,0.2787227260107692,0.2305451375575153,0.2358229534105912,0.2907949448994552,0.2981628032045836,1.036528198996072
12,10,,0.5,0.75,1,-0.2411336531943738,2.134132853283084,7.480731911541479,7.57110840106584,0.6355211003500136,0.6606632730075095,0.2726475694444444,0.2804731383433436,0.2284729872840727,0.2336689656784176,0.2842617924065787,0.2915044241560661,1.0035724952056952
12,11,0.4,0.5,0.75,1,-0.2325034958525395,2.2562623608311942,7.901084957394293,7.9969027590776784,0.8082094088025239,0.8386533809637817,0.2706856282552083,0.2761660202799046,0.2221156401231222,0.2270061254775469,0.282402230126684,0.2895208606791596,1.1182304565411287
12,12,0.45,0.5,0.75,1,-0.2274764993426199,2.2240478474025247,7.724215885780377,7.88969776434868,0.6268954112031823,0.649360208446535,0.2736309136284722,0.2820050635704256,0.2252711087740384,0.2301802213499589,0.289400071891778,0.2987939948597712,1.0879867381368016
12,13,0.49,0.5,0.75,1,-0.2321074374027825,2.3541747228678847,8.222642118376172,8.321419934857616,0.4631480627681009,0.4768761850697993,0.2680841742621527,0.2700238402829328,0.225011028112584,0.2295599418058796,0.2837659772166682,0.2895963615486313,1.2101528104918429
12,14,0.58,0.5,0.75,1,-0.2353626997674069,2.5741496797761974,9.050698740765467,9.148746977017543,0.3788100555586388,0.3861577243200682,0.2635662163628472,0.2638099067358895,0.2257938821665322,0.2303264987656171,0.2759411795016678,0.2823056027260125,1.416670306634381
12,15,0.65,0.5,0.75,1,-0.2315854711314564,2.723869327027728,9.251097389396303,9.35306767570056,0.3462711677570239,0.3517541985026961,0.2600370279947916,0.2603121118465041,0.2604054474220927,0.2656391466240606,0.3261697741656314,0.3358577222036793,1.5572305190708258
13,1,,0.25,0.75,2,-0.2474053145226537,1.191841490823383,4.222709001871908,4.2477050426844185,0.7222999146424104,0.7585366801053011,0.3012266710069444,0.3017680024117506,0.1108436414930555,0.1115440531462172,0.124118177625868,0.124746728817204,0.0
13,2,,0.25,0.75,2,-0.2392593155975835,1.110233739705698,3.865922843814842,3.883094679874419,0.5908840321411309,0.6116287348855468,0.2983768717447916,0.2986617842207589,0.1143118625217013,0.1154368937825324,0.126962415907118,0.1279252752848743,-0.06847198368745012
13,3,0.1,0.25,0.75,2,-0.2261244984006282,1.1864596678964838,4.138796527483984,4.16049308937928,0.6486696230336142,0.6635746834847507,0.2833040364583333,0.2840663053040637,0.1023549397786458,0.1036265778266778,0.1343546549479166,0.1358870494881381,-0.004515552586763128
13,4,0.13,0.25,0.75,2,-0.2400502151095016,1.2839021745404202,4.471862263251868,4.496882317232015,0.6661625020630777,0.6830388392585488,0.2858892144097222,0.2864749614628959,0.1223445638020833,0.1242748392444826,0.1464124891493055,0.1513158463670874,0.07724238871180526
13,5,0.17,0.25,0.75,2,-0.2453188371200189,1.4090805691944914,4.936412478421218,4.967156124397563,0.7016733859954426,0.7111055867756372,0.287694091796875,0.2881100778469134,0.1256334440004348,0.1265156790541115,0.1403487141927083,0.1417865795558212,0.18227178701509122
13,6,0.32,0.25,0.75,2,-0.2236671985035211,1.6410258424832471,5.731937385407679,5.762801343800641,1.0046126054673363,1.027275247886296,0.2825633409288194,0.2841024074515362,0.1375834147135416,0.1399123400713509,0.16130126953125,0.1652159092602422,0.3768826266901863
13,7,0.38,0.25,0.75,2,-0.2260309343313105,1.7349682710399246,6.033939619764359,6.077941228123026,0.9874459220930062,1.0278612158578602,0.2794200303819444,0.2799570309833465,0.1459068946212132,0.1479442070098406,0.1658518473307291,0.1690779265334319,0.4557038703538696
13,8,0.49,0.25,0.75,2,-0.2196963834687004,1.8129070876944533,6.321939780788216,6.366920709745877,1.0089379525216378,1.0448274479704762,0.2727228461371527,0.2745496822767963,0.1495661078559027,0.1526825319561864,0.1904291433327761,0.1992903578814021,0.5210974795331278
13,9,0.56,0.25,0.75,2,-0.2166221167252667,1.9084065187914845,6.6650973314317,6.714061468409895,0.951415741549208,0.9909984339752912,0.2775056966145833,0.2831257658202588,0.1465379503038194,0.1480628184241807,0.1733858913845486,0.1766173314398499,0.6012251071013336
13,10,0.68,0.25,0.75,2,-0.2082328990026173,2.205255488572035,7.7176510329148,7.777638949126929,1.3378909234969127,1.3546287496356928,0.2673638237847222,0.2686918083542164,0.1626945025032704,0.1649829996123186,0.193614789721375,0.1964122887314797,0.8502925980941775
13,11,0.83,0.25,0.75,2,-0.2006311300485586,2.347506204957985,8.217028951650658,8.276982401831964,1.2098486368293866,1.223936100006561,0.2700043402777777,0.2706888277952016,0.1782497996152962,0.1829700892991833,0.2009466971489978,0.2082672283113097,0.9696463187703019
13,12,0.92,0.25,0.75,2,-0.2105745550293122,2.469826145922697,8.614130801533193,8.684442390667726,1.08642578125,1.1016915035975587,0.2679132758246528,0.268480012317935,0.1829253571484945,0.1885557440628765,0.2153767821609333,0.2287742326261349,1.0722773665283452
13,13,1.07,0.25,0.75,2,-0.2089089147623491,2.548328377166912,8.904682805104931,8.980018503983887,0.9358797641624862,0.9626227372662438,0.2656479220920139,0.2667978991390621,0.1930037399045521,0.2008570871061978,0.2269889297087536,0.2383718703443719,1.1381437018159193
13,14,1.3,0.25,0.75,2,-0.2040528130032206,2.882190429521112,9.44057509365142,9.517403883821013,1.0740947487680734,1.1012764533510462,0.2685320366753472,0.2691133478248407,0.1920794558549589,0.1961909609059914,0.200044517350621,0.2030636086168456,1.4182665662444363
13,15,1.53,0.25,0.75,2,-0.2076408221071484,2.8815982812462697,9.48876402097743,9.558515195865263,0.7630622216471044,0.7898214622070876,0.2671567111545139,0.2684166358075089,0.1966755201822185,0.203557824071668,0.2166133000823835,0.2301673219354469,1.4177697314896458
14,1,,0.5,0.75,2,-0.2343719515084284,1.5785901044212527,5.5465435968180845,5.589224716453455,0.8815443320352523,0.9399852303904888,0.3156464301215277,0.3160648581608976,0.1370743136935764,0.1396301878569445,0.1437742784288194,0.1453150628204586,0.0
14,2,0.09,0.5,0.75,2,-0.2330722218516542,1.807581186686756,6.365125206990295,6.418109276851068,0.7982119887796972,0.8457803009445295,0.3078776041666666,0.3086736165284559,0.1507435438368055,0.154960894909326,0.1630260552300347,0.1688592912273635,0.1450605078697466
14,3,0.17,0.5,0.75,2,-0.2384535743300391,2.017688190179772,7.097505049272017,7.153130462333363,1.295190560177526,1.3473240729964011,0.3071021864149305,0.3157436594211087,0.1566812472873263,0.1608156522515701,0.1872224934895833,0.1944026217063199,0.2781583924343063
14,4,0.24,0.5,0.75,2,-0.232356592607515,2.0989806104203765,7.3399797012176,7.415711406010762,1.198144593610313,1.233652651717971,0.3032956271701389,0.3192684463901292,0.161352064344618,0.1658150178942437,0.1911105685763889,0.1992465066376866,0.3296552439684214
14,5,,0.5,0.75,2,-0.2396650745896184,2.0584134026560688,7.212892401313488,7.281634081220324,1.2002002917459984,1.237169428818494,0.3003125,0.3036914695177974,0.1608959282769097,0.164876753846303,0.1924327935112847,0.2002877004141231,0.3039568643506291
14,6,0.35,0.5,0.75,2,-0.2247905472285067,2.346384164139028,8.26989503150238,8.346206030290631,1.0080182618477542,1.0525930528591398,0.2865273708767361,0.2964338764714778,0.171508858602384,0.1766116594509948,0.2118632206159358,0.2227507728453043,0.4863796229099424
14,8,0.6,0.5,0.75,2,-0.2311313349586288,2.819279289081387,9.47173727212144,9.550579871374875,1.0787065723274327,1.116907739485802,0.2799922688802083,0.2851747048152895,0.2232243199687382,0.2329587514447558,0.2939142558985981,0.3287891317026603,0.7859476511256857
14,9,0.81,0.5,0.75,2,-0.216421710466594,3.0488763558901164,9.522321015415669,9.593867426028435,0.9924234347690912,1.0242629665774112,0.2790077039930556,0.2876792240816662,0.2301057936653258,0.2432256487472249,0.3086065277612667,0.3367685391108521,0.9313920360649317
14,10,1.14,0.5,0.75,2,-0.2120258485004579,3.30970546399572,9.534568668916547,9.6057229596962,1.0875744284148707,1.1173928493547278,0.2728177897135416,0.2745388276818949,0.2127541943700489,0.2180689663646907,0.2576149736899927,0.264213493934593,1.0966211904699188
15,1,,0.25,1.5,2,-0.2257888737801951,1.7520372599846834,6.084600274522164,6.136454233703355,0.7624294598819631,0.8239836946496338,0.2810880533854166,0.2824020977960034,0.1457948133680555,0.1503981598016544,0.1521366373697916,0.1561923476987381,0.0
15,2,0.15,0.25,1.5,2,-0.2090944189678497,2.103430978603537,7.341729820146692,7.396410622583561,0.9404025673289268,1.0023993520174637,0.2733629014756944,0.2747294003737383,0.1842351899529895,0.193518465191395,0.1717415364583333,0.1772254513810411,0.200562925597784
15,3,0.28,0.25,1.5,2,-0.2056281682491149,2.2690295534820155,7.948467595633388,8.012352076562482,0.9603798911796204,1.0181365719841895,0.2801955837673611,0.2811037160008975,0.1936400509073781,0.2035501629718629,0.2001197273812811,0.2127489068405538,0.2950806499981922
15,4,0.37,0.25,1.5,2,-0.2073858473994508,2.440243603517803,8.548292614812986,8.6187246719339,0.9734001314756068,1.0212006126899846,0.2746733940972222,0.2765819642089674,0.2204800912462142,0.232346222393104,0.2228666550371171,0.2409167661121753,0.39280348611943106
15,5,0.48,0.25,1.5,2,-0.2032356128698695,2.612059682384192,9.160248876217022,9.235880784773755,1.029016326911819,1.0418748798725297,0.2649275716145833,0.2652163029192712,0.1856475911990168,0.18930169505496,0.1988665849822675,0.2028301541900966,0.4908699386946983
15,6,0.56,0.25,1.5,2,-0.2122765060750079,2.6287404115388013,9.180544294250344,9.254376121242824,1.1002834070913317,1.1559493618098675,0.2690196397569444,0.2736432424683291,0.2566099414652568,0.2704389770121911,0.2379454238150291,0.249158503138188,0.5003907003449128
15,7,0.7,0.25,1.5,2,-0.1637835043718132,2.900703057200617,9.614539595682787,9.665448529772258,0.9464473596511274,0.9876973213175444,0.269678955078125,0.272794971621523,0.2833945114709157,0.3032132475133628,0.3112233368195257,0.3401764640409362,0.6556172197079734
16,1,,0.5,1.5,2,-0.2306311829908101,2.786238508521044,9.499792393313784,9.571237094204454,1.0406291537493688,1.1391698399925818,0.3213608127170139,0.3225683094491051,0.2112146826416841,0.2206230015732737,0.1894775987545843,0.1973842459141713,0.0
16,2,,0.5,1.5,2,-0.2070864076967592,2.992414286427653,9.54256238085512,9.61155440264337,0.8756985151862076,0.9266567085778844,0.3170003255208333,0.3189461748483065,0.2121865650792508,0.21835816900252,0.1989610294092084,0.206457185080622,0.0739978925982358
16,3,0.24,0.5,1.5,2,-0.2083747489668462,3.1840701792510164,9.54109101367048,9.612684567814732,1.3037550005237206,1.3501516158706135,0.3037009006076389,0.3040459783181354,0.2271862175734358,0.2336303732481253,0.2269640360793022,0.2332358175938048,0.14278449942935592
16,4,,0.5,1.5,2,-0.2036701587594609,3.39523770086637,9.61888770830385,9.675850896163343,1.42923142413464,1.480576379340811,0.2974104817708333,0.2992858976269894,0.2864997004945717,0.3017795746512836,0.2554677175085345,0.2682810319056152,0.2185739628832377
16,5,0.4,0.5,1.5,2,-0.2027279027256499,3.4557164568782524,9.61198167593728,9.67167114609032,1.205680906310562,1.2506376314042864,0.2878724500868055,0.2909096305056014,0.2866542752255479,0.3034972466804958,0.2640845444623161,0.2805301730418464,0.24028020081905058
16,6,0.62,0.5,1.5,2,-0.1841032926088581,3.4832906354667488,9.647469410023469,9.703717348324854,1.0615045013850417,1.094959388397141,0.2792595757378472,0.2801598635188309,0.250449710422092,0.2688292705314162,0.2970622933956083,0.337021716874801,0.25017676154210694
